id,breed
Siamese_193,Siamese
Siamese_53,Siamese
Birman_167,Birman
Siamese_47,Siamese
Birman_173,Birman
Abyssinian_225,Abyssinian
Siamese_187,Siamese
Egyptian_Mau_173,EgyptianMau
Abyssinian_219,Abyssinian
Siamese_90,Siamese
Siamese_150,Siamese
Sphynx_241,Sphynx
Egyptian_Mau_23,EgyptianMau
Siamese_144,Siamese
Siamese_84,Siamese
British_Shorthair_38,BritishShorthair
Birman_2,Birman
Bombay_213,Bombay
Egyptian_Mau_198,EgyptianMau
British_Shorthair_10,BritishShorthair
Birman_198,Birman
Siamese_178,Siamese
Russian_Blue_253,RussianBlue
Persian_221,Persian
Ragdoll_189,Ragdoll
Maine_Coon_38,MaineCoon
Bengal_66,Bengal
Maine_Coon_10,MaineCoon
Bengal_72,Bengal
Bengal_99,Bengal
Sphynx_8,Sphynx
Siamese_5,Siamese
Maine_Coon_249,MaineCoon
Ragdoll_162,Ragdoll
Ragdoll_176,Ragdoll
Abyssinian_153,Abyssinian
Sphynx_137,Sphynx
Abyssinian_184,Abyssinian
Bombay_159,Bombay
Bengal_114,Bengal
Bengal_100,Bengal
Abyssinian_190,Abyssinian
Siamese_232,Siamese
Bengal_128,Bengal
Bombay_171,Bombay
Persian_143,Persian
British_Shorthair_148,BritishShorthair
Russian_Blue_125,RussianBlue
Birman_49,Birman
Persian_75,Persian
Persian_61,Persian
Russian_Blue_131,RussianBlue
Russian_Blue_12,RussianBlue
Russian_Blue_119,RussianBlue
Ragdoll_25,Ragdoll
British_Shorthair_174,BritishShorthair
Persian_49,Persian
Birman_75,Birman
Bombay_96,Bombay
Birman_61,Birman
Bombay_82,Bombay
Ragdoll_31,Ragdoll
British_Shorthair_160,BritishShorthair
Sphynx_25,Sphynx
Persian_180,Persian
Abyssinian_75,Abyssinian
Maine_Coon_103,MaineCoon
Bombay_69,Bombay
Ragdoll_228,Ragdoll
Abyssinian_61,Abyssinian
Maine_Coon_117,MaineCoon
Persian_194,Persian
Sphynx_31,Sphynx
Sphynx_19,Sphynx
Ragdoll_4,Ragdoll
Bombay_55,Bombay
Abyssinian_49,Abyssinian
Bombay_41,Bombay
Ragdoll_201,Ragdoll
Bombay_40,Bombay
Ragdoll_5,Ragdoll
Sphynx_18,Sphynx
Abyssinian_48,Abyssinian
Bombay_54,Bombay
Maine_Coon_116,MaineCoon
Abyssinian_60,Abyssinian
Sphynx_30,Sphynx
Persian_195,Persian
Persian_181,Persian
Sphynx_24,Sphynx
Bombay_68,Bombay
Maine_Coon_102,MaineCoon
Abyssinian_74,Abyssinian
Bombay_83,Bombay
Birman_60,Birman
British_Shorthair_161,BritishShorthair
Ragdoll_30,Ragdoll
British_Shorthair_175,BritishShorthair
Ragdoll_24,Ragdoll
Russian_Blue_118,RussianBlue
Russian_Blue_13,RussianBlue
Bombay_97,Bombay
Birman_74,Birman
Persian_60,Persian
Persian_156,Persian
Russian_Blue_130,RussianBlue
Russian_Blue_124,RussianBlue
British_Shorthair_149,BritishShorthair
Ragdoll_18,Ragdoll
Persian_74,Persian
Birman_48,Birman
Bombay_170,Bombay
Bengal_129,Bengal
Bombay_164,Bombay
Bengal_101,Bengal
Sphynx_122,Sphynx
Siamese_233,Siamese
Abyssinian_191,Abyssinian
Abyssinian_185,Abyssinian
Sphynx_136,Sphynx
Siamese_227,Siamese
Bengal_115,Bengal
Bombay_158,Bombay
Russian_Blue_1,RussianBlue
Abyssinian_1,Abyssinian
Egyptian_Mau_204,EgyptianMau
Abyssinian_152,Abyssinian
Abyssinian_146,Abyssinian
Egyptian_Mau_210,EgyptianMau
Ragdoll_177,Ragdoll
Ragdoll_163,Ragdoll
Sphynx_9,Sphynx
Bengal_98,Bengal
Bengal_73,Bengal
Bengal_67,Bengal
British_Shorthair_203,BritishShorthair
Maine_Coon_39,MaineCoon
Ragdoll_188,Ragdoll
Siamese_179,Siamese
Bombay_206,Bombay
Egyptian_Mau_199,EgyptianMau
Birman_3,Birman
Birman_199,Birman
Siamese_85,Siamese
Egyptian_Mau_36,EgyptianMau
Siamese_145,Siamese
British_Shorthair_39,BritishShorthair
Egyptian_Mau_22,EgyptianMau
Sphynx_240,Sphynx
Siamese_151,Siamese
Siamese_91,Siamese
Siamese_186,Siamese
Abyssinian_224,Abyssinian
Birman_172,Birman
Siamese_46,Siamese
Egyptian_Mau_172,EgyptianMau
Abyssinian_230,Abyssinian
Birman_166,Birman
Siamese_52,Siamese
Egyptian_Mau_170,EgyptianMau
Birman_170,Birman
Siamese_44,Siamese
Abyssinian_226,Abyssinian
Siamese_184,Siamese
Birman_164,Birman
Siamese_50,Siamese
Abyssinian_232,Abyssinian
Egyptian_Mau_164,EgyptianMau
Siamese_78,Siamese
Birman_158,Birman
Siamese_147,Siamese
Egyptian_Mau_34,EgyptianMau
Siamese_87,Siamese
Siamese_93,Siamese
Siamese_153,Siamese
Sphynx_242,Sphynx
Egyptian_Mau_20,EgyptianMau
Bombay_204,Bombay
Bombay_210,Bombay
Birman_1,Birman
Russian_Blue_244,RussianBlue
Bengal_59,Bengal
Bengal_71,Bengal
British_Shorthair_201,BritishShorthair
Bengal_65,Bengal
Maine_Coon_13,MaineCoon
Maine_Coon_262,MaineCoon
Ragdoll_149,Ragdoll
Siamese_6,Siamese
Ragdoll_175,Ragdoll
Ragdoll_161,Ragdoll
Abyssinian_150,Abyssinian
Persian_9,Persian
Egyptian_Mau_212,EgyptianMau
Abyssinian_144,Abyssinian
Abyssinian_3,Abyssinian
Abyssinian_178,Abyssinian
Abyssinian_193,Abyssinian
Siamese_231,Siamese
Bengal_103,Bengal
Bengal_117,Bengal
Siamese_225,Siamese
Sphynx_134,Sphynx
Bombay_172,Bombay
Bombay_166,Bombay
Sphynx_108,Sphynx
Russian_Blue_132,RussianBlue
Persian_62,Persian
Persian_76,Persian
Persian_140,Persian
Persian_168,Persian
Ragdoll_32,Ragdoll
British_Shorthair_163,BritishShorthair
Birman_62,Birman
Bombay_81,Bombay
Abyssinian_89,Abyssinian
Birman_76,Birman
Bombay_95,Bombay
Ragdoll_26,Ragdoll
British_Shorthair_177,BritishShorthair
Persian_197,Persian
Abyssinian_62,Abyssinian
Maine_Coon_100,MaineCoon
Abyssinian_76,Abyssinian
Birman_89,Birman
British_Shorthair_188,BritishShorthair
Persian_183,Persian
Maine_Coon_128,MaineCoon
Bombay_42,Bombay
Ragdoll_203,Ragdoll
Bombay_56,Bombay
Persian_89,Persian
Ragdoll_7,Ragdoll
Persian_88,Persian
Bombay_57,Bombay
Ragdoll_6,Ragdoll
Ragdoll_202,Ragdoll
Bombay_43,Bombay
Maine_Coon_129,MaineCoon
Birman_88,Birman
Abyssinian_77,Abyssinian
Maine_Coon_101,MaineCoon
Persian_182,Persian
British_Shorthair_189,BritishShorthair
Sphynx_27,Sphynx
Sphynx_33,Sphynx
Persian_196,Persian
Abyssinian_63,Abyssinian
Maine_Coon_115,MaineCoon
Bombay_94,Bombay
Birman_77,Birman
Abyssinian_88,Abyssinian
British_Shorthair_176,BritishShorthair
Ragdoll_27,Ragdoll
Russian_Blue_10,RussianBlue
British_Shorthair_162,BritishShorthair
Persian_169,Persian
Ragdoll_33,Ragdoll
Bombay_80,Bombay
Birman_63,Birman
Persian_77,Persian
Russian_Blue_127,RussianBlue
Persian_141,Persian
Persian_155,Persian
Russian_Blue_133,RussianBlue
Russian_Blue_38,RussianBlue
Persian_63,Persian
Bombay_167,Bombay
Siamese_218,Siamese
Bombay_173,Bombay
Bengal_116,Bengal
Siamese_224,Siamese
Sphynx_121,Sphynx
Abyssinian_192,Abyssinian
Bengal_102,Bengal
Abyssinian_179,Abyssinian
Abyssinian_2,Abyssinian
Bombay_198,Bombay
Egyptian_Mau_213,EgyptianMau
Abyssinian_145,Abyssinian
Abyssinian_151,Abyssinian
Persian_8,Persian
Egyptian_Mau_207,EgyptianMau
Ragdoll_160,Ragdoll
Ragdoll_174,Ragdoll
Ragdoll_148,Ragdoll
Maine_Coon_263,MaineCoon
British_Shorthair_200,BritishShorthair
Bengal_64,Bengal
Bengal_70,Bengal
Bengal_58,Bengal
Bombay_205,Bombay
Egyptian_Mau_21,EgyptianMau
Sphynx_243,Sphynx
Siamese_152,Siamese
Siamese_92,Siamese
Siamese_86,Siamese
Egyptian_Mau_35,EgyptianMau
Siamese_146,Siamese
Birman_159,Birman
Siamese_79,Siamese
Siamese_51,Siamese
Birman_165,Birman
Siamese_191,Siamese
Egyptian_Mau_165,EgyptianMau
Egyptian_Mau_171,EgyptianMau
Siamese_185,Siamese
Birman_171,Birman
Birman_149,Birman
Egyptian_Mau_149,EgyptianMau
Siamese_69,Siamese
Birman_175,Birman
Siamese_41,Siamese
Abyssinian_223,Abyssinian
Siamese_181,Siamese
Egyptian_Mau_175,EgyptianMau
Egyptian_Mau_161,EgyptianMau
Siamese_195,Siamese
Birman_161,Birman
Siamese_55,Siamese
Bombay_201,Bombay
Birman_4,Birman
Bombay_215,Bombay
British_Shorthair_16,BritishShorthair
Egyptian_Mau_19,EgyptianMau
Siamese_142,Siamese
Egyptian_Mau_31,EgyptianMau
Siamese_82,Siamese
Siamese_96,Siamese
Sphynx_247,Sphynx
Siamese_156,Siamese
Egyptian_Mau_25,EgyptianMau
British_Shorthair_210,BritishShorthair
Bengal_74,Bengal
Bengal_60,Bengal
Maine_Coon_16,MaineCoon
British_Shorthair_204,BritishShorthair
Bengal_48,Bengal
Persian_233,Persian
Ragdoll_170,Ragdoll
Ragdoll_164,Ragdoll
Maine_Coon_267,MaineCoon
Ragdoll_158,Ragdoll
Abyssinian_169,Abyssinian
Abyssinian_6,Abyssinian
Bombay_188,Bombay
Abyssinian_155,Abyssinian
Abyssinian_141,Abyssinian
Bombay_177,Bombay
Sphynx_119,Sphynx
Siamese_208,Siamese
Bombay_163,Bombay
Bengal_106,Bengal
Abyssinian_196,Abyssinian
Sphynx_125,Sphynx
Siamese_234,Siamese
Sphynx_131,Sphynx
Abyssinian_182,Abyssinian
Bengal_112,Bengal
Birman_67,Birman
Bombay_84,Bombay
Abyssinian_98,Abyssinian
Ragdoll_37,Ragdoll
British_Shorthair_166,BritishShorthair
.DS_S,BritishShorthair
Russian_Blue_14,RussianBlue
Persian_179,Persian
British_Shorthair_172,BritishShorthair
Birman_73,Birman
Bombay_90,Bombay
Persian_67,Persian
Russian_Blue_137,RussianBlue
Persian_145,Persian
Russian_Blue_123,RussianBlue
Russian_Blue_28,RussianBlue
Persian_98,Persian
Bombay_47,Bombay
Ragdoll_2,Ragdoll
Bombay_53,Bombay
Maine_Coon_139,MaineCoon
Birman_98,Birman
Maine_Coon_111,MaineCoon
British_Shorthair_199,BritishShorthair
Persian_192,Persian
Sphynx_37,Sphynx
Sphynx_23,Sphynx
Persian_186,Persian
Maine_Coon_105,MaineCoon
Abyssinian_73,Abyssinian
Persian_187,Persian
Abyssinian_72,Abyssinian
Maine_Coon_104,MaineCoon
Abyssinian_66,Abyssinian
Maine_Coon_110,MaineCoon
Birman_99,Birman
Sphynx_36,Sphynx
Persian_193,Persian
British_Shorthair_198,BritishShorthair
Ragdoll_3,Ragdoll
Maine_Coon_138,MaineCoon
Bombay_52,Bombay
Bombay_46,Bombay
Persian_99,Persian
Russian_Blue_29,RussianBlue
Russian_Blue_122,RussianBlue
Persian_144,Persian
Persian_72,Persian
Persian_66,Persian
Persian_150,Persian
Russian_Blue_136,RussianBlue
British_Shorthair_173,BritishShorthair
Bombay_91,Bombay
Birman_72,Birman
Abyssinian_99,Abyssinian
Bombay_85,Bombay
Birman_66,Birman
British_Shorthair_167,BritishShorthair
Ragdoll_36,Ragdoll
Abyssinian_183,Abyssinian
Sphynx_130,Sphynx
Bengal_113,Bengal
Bengal_107,Bengal
Sphynx_124,Sphynx
Abyssinian_197,Abyssinian
Bombay_162,Bombay
Bombay_176,Bombay
Siamese_209,Siamese
Abyssinian_140,Abyssinian
Bombay_189,Bombay
Egyptian_Mau_202,EgyptianMau
Abyssinian_154,Abyssinian
Abyssinian_7,Abyssinian
Abyssinian_168,Abyssinian
Maine_Coon_272,MaineCoon
Ragdoll_159,Ragdoll
Maine_Coon_266,MaineCoon
Ragdoll_165,Ragdoll
Ragdoll_171,Ragdoll
British_Shorthair_239,BritishShorthair
Russian_Blue_240,RussianBlue
Bengal_49,Bengal
Maine_Coon_17,MaineCoon
Bengal_61,Bengal
British_Shorthair_205,BritishShorthair
Bengal_75,Bengal
Siamese_157,Siamese
Sphynx_246,Sphynx
Siamese_97,Siamese
Siamese_83,Siamese
Egyptian_Mau_30,EgyptianMau
Siamese_143,Siamese
Sphynx_252,Sphynx
British_Shorthair_17,BritishShorthair
Birman_5,Birman
Bombay_214,Bombay
Egyptian_Mau_18,EgyptianMau
Bombay_200,Bombay
Egyptian_Mau_160,EgyptianMau
Siamese_54,Siamese
Birman_160,Birman
Siamese_194,Siamese
Siamese_180,Siamese
Siamese_40,Siamese
Birman_174,Birman
Egyptian_Mau_174,EgyptianMau
Birman_148,Birman
Egyptian_Mau_148,EgyptianMau
Siamese_196,Siamese
Siamese_56,Siamese
Birman_162,Birman
Egyptian_Mau_162,EgyptianMau
Egyptian_Mau_176,EgyptianMau
Siamese_42,Siamese
Birman_176,Birman
Abyssinian_220,Abyssinian
Siamese_182,Siamese
Siamese_169,Siamese
Birman_7,Birman
British_Shorthair_15,BritishShorthair
Bombay_202,Bombay
Egyptian_Mau_189,EgyptianMau
Birman_189,Birman
Siamese_95,Siamese
Sphynx_244,Sphynx
Siamese_155,Siamese
Egyptian_Mau_26,EgyptianMau
British_Shorthair_29,BritishShorthair
Sphynx_250,Sphynx
Siamese_141,Siamese
Siamese_81,Siamese
British_Shorthair_207,BritishShorthair
Bengal_63,Bengal
Bengal_77,Bengal
British_Shorthair_213,BritishShorthair
Maine_Coon_29,MaineCoon
Ragdoll_198,Ragdoll
Persian_224,Persian
Russian_Blue_242,RussianBlue
Ragdoll_173,Ragdoll
Maine_Coon_270,MaineCoon
Maine_Coon_264,MaineCoon
Bengal_88,Bengal
Egyptian_Mau_214,EgyptianMau
Abyssinian_142,Abyssinian
Birman_200,Birman
Abyssinian_156,Abyssinian
Bombay_160,Bombay
Bombay_174,Bombay
Bengal_139,Bengal
Bengal_111,Bengal
Sphynx_132,Sphynx
Abyssinian_181,Abyssinian
Abyssinian_195,Abyssinian
Sphynx_126,Sphynx
Siamese_237,Siamese
Bombay_148,Bombay
Bengal_105,Bengal
Birman_70,Birman
Bombay_93,Bombay
Russian_Blue_17,RussianBlue
Ragdoll_20,Ragdoll
Ragdoll_34,Ragdoll
British_Shorthair_165,BritishShorthair
Russian_Blue_108,RussianBlue
Birman_64,Birman
Bombay_87,Bombay
Persian_58,Persian
Persian_70,Persian
Russian_Blue_120,RussianBlue
Persian_152,Persian
British_Shorthair_159,BritishShorthair
Persian_64,Persian
Birman_58,Birman
Bombay_50,Bombay
Ragdoll_1,Ragdoll
Abyssinian_58,Abyssinian
Ragdoll_205,Ragdoll
Abyssinian_70,Abyssinian
Maine_Coon_106,MaineCoon
Sphynx_20,Sphynx
Persian_185,Persian
Maine_Coon_8,MaineCoon
Persian_191,Persian
Sphynx_34,Sphynx
Bombay_78,Bombay
Maine_Coon_112,MaineCoon
Persian_190,Persian
Abyssinian_65,Abyssinian
Bombay_79,Bombay
Maine_Coon_107,MaineCoon
Abyssinian_71,Abyssinian
Persian_184,Persian
Maine_Coon_9,MaineCoon
Sphynx_21,Sphynx
Bombay_45,Bombay
Ragdoll_204,Ragdoll
Ragdoll_210,Ragdoll
British_Shorthair_158,BritishShorthair
Persian_153,Persian
Russian_Blue_135,RussianBlue
Birman_59,Birman
Persian_65,Persian
Persian_71,Persian
Persian_147,Persian
Russian_Blue_109,RussianBlue
British_Shorthair_164,BritishShorthair
Ragdoll_35,Ragdoll
Persian_59,Persian
Bombay_86,Bombay
Birman_65,Birman
Bombay_92,Bombay
Birman_71,Birman
British_Shorthair_170,BritishShorthair
Russian_Blue_16,RussianBlue
Sphynx_127,Sphynx
Bengal_104,Bengal
Bengal_110,Bengal
Abyssinian_180,Abyssinian
Siamese_222,Siamese
Sphynx_133,Sphynx
Bengal_138,Bengal
Bombay_175,Bombay
Bombay_161,Bombay
Abyssinian_157,Abyssinian
Birman_201,Birman
Egyptian_Mau_201,EgyptianMau
Egyptian_Mau_215,EgyptianMau
Abyssinian_143,Abyssinian
Abyssinian_4,Abyssinian
Bengal_89,Bengal
Maine_Coon_265,MaineCoon
Maine_Coon_271,MaineCoon
Ragdoll_172,Ragdoll
Ragdoll_166,Ragdoll
Ragdoll_199,Ragdoll
Maine_Coon_28,MaineCoon
Bengal_76,Bengal
British_Shorthair_212,BritishShorthair
Maine_Coon_14,MaineCoon
Bengal_62,Bengal
Siamese_80,Siamese
Egyptian_Mau_33,EgyptianMau
Siamese_140,Siamese
Sphynx_251,Sphynx
Egyptian_Mau_27,EgyptianMau
Siamese_154,Siamese
Sphynx_245,Sphynx
Siamese_94,Siamese
British_Shorthair_28,BritishShorthair
Egyptian_Mau_188,EgyptianMau
Bombay_203,Bombay
Birman_188,Birman
Siamese_168,Siamese
Bombay_217,Bombay
Birman_6,Birman
Siamese_183,Siamese
Abyssinian_221,Abyssinian
Birman_177,Birman
Siamese_43,Siamese
Birman_163,Birman
Siamese_57,Siamese
Egyptian_Mau_163,EgyptianMau
Birman_104,Birman
Siamese_30,Siamese
Egyptian_Mau_83,EgyptianMau
Egyptian_Mau_104,EgyptianMau
Egyptian_Mau_110,EgyptianMau
British_Shorthair_98,BritishShorthair
Egyptian_Mau_97,EgyptianMau
Birman_110,Birman
Siamese_24,Siamese
Birman_138,Birman
Egyptian_Mau_138,EgyptianMau
Siamese_18,Siamese
Siamese_133,Siamese
Sphynx_222,Sphynx
Egyptian_Mau_40,EgyptianMau
Bengal_201,Bengal
Siamese_127,Siamese
Sphynx_236,Sphynx
Egyptian_Mau_54,EgyptianMau
British_Shorthair_67,BritishShorthair
Egyptian_Mau_68,EgyptianMau
Persian_256,Persian
Bengal_39,Bengal
Bengal_11,Bengal
Maine_Coon_67,MaineCoon
British_Shorthair_275,BritishShorthair
Ragdoll_129,Ragdoll
Maine_Coon_98,MaineCoon
Ragdoll_101,Ragdoll
Ragdoll_115,Ragdoll
Sphynx_197,Sphynx
Abyssinian_124,Abyssinian
Abyssinian_130,Abyssinian
Sphynx_183,Sphynx
Bengal_188,Bengal
Abyssinian_118,Abyssinian
Bengal_177,Bengal
Bengal_163,Bengal
Bombay_106,Bombay
Sphynx_168,Sphynx
Bombay_112,Bombay
Persian_16,Persian
Sphynx_85,Sphynx
Russian_Blue_146,RussianBlue
Persian_120,Persian
Persian_134,Persian
Sphynx_91,Sphynx
Russian_Blue_59,RussianBlue
Russian_Blue_152,RussianBlue
Birman_16,Birman
British_Shorthair_117,BritishShorthair
Russian_Blue_71,RussianBlue
Persian_108,Persian
Ragdoll_52,Ragdoll
British_Shorthair_103,BritishShorthair
Maine_Coon_160,MaineCoon
Abyssinian_16,Abyssinian
Bombay_1,Bombay
Russian_Blue_185,RussianBlue
Sphynx_46,Sphynx
Russian_Blue_191,RussianBlue
Maine_Coon_174,MaineCoon
Bombay_36,Bombay
Ragdoll_85,Ragdoll
Ragdoll_91,Ragdoll
Bombay_22,Bombay
Ragdoll_263,Ragdoll
Maine_Coon_148,MaineCoon
Ragdoll_90,Ragdoll
Maine_Coon_149,MaineCoon
Ragdoll_262,Ragdoll
Bombay_23,Bombay
Bombay_37,Bombay
Ragdoll_84,Ragdoll
Sphynx_53,Sphynx
Maine_Coon_175,MaineCoon
Abyssinian_17,Abyssinian
Maine_Coon_161,MaineCoon
Sphynx_47,Sphynx
Russian_Blue_184,RussianBlue
British_Shorthair_102,BritishShorthair
Ragdoll_53,Ragdoll
Russian_Blue_64,RussianBlue
Birman_17,Birman
Russian_Blue_70,RussianBlue
British_Shorthair_116,BritishShorthair
Ragdoll_47,Ragdoll
Russian_Blue_153,RussianBlue
Sphynx_90,Sphynx
Persian_135,Persian
Persian_17,Persian
Persian_121,Persian
Russian_Blue_147,RussianBlue
Sphynx_84,Sphynx
Bombay_113,Bombay
Bombay_107,Bombay
Sphynx_169,Sphynx
Sphynx_141,Sphynx
Siamese_250,Siamese
Bengal_162,Bengal
Bengal_176,Bengal
Sphynx_155,Sphynx
Bengal_189,Bengal
Abyssinian_119,Abyssinian
Sphynx_182,Sphynx
Abyssinian_131,Abyssinian
Abyssinian_125,Abyssinian
Sphynx_196,Sphynx
Ragdoll_114,Ragdoll
Ragdoll_100,Ragdoll
Maine_Coon_99,MaineCoon
Maine_Coon_203,MaineCoon
Ragdoll_128,Ragdoll
Maine_Coon_217,MaineCoon
Maine_Coon_66,MaineCoon
Bengal_10,Bengal
British_Shorthair_274,BritishShorthair
Maine_Coon_72,MaineCoon
British_Shorthair_248,BritishShorthair
Persian_257,Persian
Bengal_38,Bengal
British_Shorthair_66,BritishShorthair
Egyptian_Mau_69,EgyptianMau
British_Shorthair_72,BritishShorthair
Sphynx_237,Sphynx
Siamese_126,Siamese
Egyptian_Mau_41,EgyptianMau
Sphynx_223,Sphynx
Bengal_200,Bengal
Siamese_19,Siamese
Birman_139,Birman
British_Shorthair_99,BritishShorthair
Egyptian_Mau_111,EgyptianMau
Siamese_25,Siamese
Birman_111,Birman
Egyptian_Mau_96,EgyptianMau
Egyptian_Mau_82,EgyptianMau
Siamese_31,Siamese
Birman_105,Birman
Egyptian_Mau_105,EgyptianMau
Egyptian_Mau_94,EgyptianMau
Siamese_27,Siamese
Birman_113,Birman
Egyptian_Mau_113,EgyptianMau
Egyptian_Mau_107,EgyptianMau
Siamese_33,Siamese
Birman_107,Birman
Egyptian_Mau_80,EgyptianMau
Sphynx_235,Sphynx
Egyptian_Mau_57,EgyptianMau
British_Shorthair_58,BritishShorthair
Siamese_130,Siamese
Egyptian_Mau_43,EgyptianMau
British_Shorthair_64,BritishShorthair
British_Shorthair_70,BritishShorthair
Maine_Coon_58,MaineCoon
Persian_255,Persian
British_Shorthair_276,BritishShorthair
Bengal_12,Bengal
Maine_Coon_64,MaineCoon
Maine_Coon_70,MaineCoon
Bengal_8,Bengal
Maine_Coon_201,MaineCoon
Ragdoll_116,Ragdoll
Abyssinian_133,Abyssinian
Sphynx_180,Sphynx
Sphynx_194,Sphynx
Abyssinian_127,Abyssinian
Bengal_160,Bengal
Sphynx_143,Sphynx
Sphynx_157,Sphynx
Bombay_139,Bombay
Bengal_174,Bengal
Bombay_111,Bombay
Bombay_105,Bombay
Bengal_148,Bengal
Persian_137,Persian
Sphynx_92,Sphynx
Russian_Blue_151,RussianBlue
Russian_Blue_145,RussianBlue
Persian_123,Persian
Ragdoll_79,Ragdoll
British_Shorthair_128,BritishShorthair
Persian_15,Persian
Birman_29,Birman
Russian_Blue_66,RussianBlue
Ragdoll_51,Ragdoll
British_Shorthair_100,BritishShorthair
Ragdoll_45,Ragdoll
British_Shorthair_114,BritishShorthair
Russian_Blue_72,RussianBlue
Russian_Blue_179,RussianBlue
Birman_15,Birman
Persian_29,Persian
Russian_Blue_99,RussianBlue
Russian_Blue_192,RussianBlue
Sphynx_51,Sphynx
Russian_Blue_186,RussianBlue
Bombay_2,Bombay
Sphynx_45,Sphynx
Abyssinian_15,Abyssinian
Maine_Coon_163,MaineCoon
Bombay_21,Bombay
Ragdoll_260,Ragdoll
Ragdoll_92,Ragdoll
Ragdoll_86,Ragdoll
Abyssinian_29,Abyssinian
Ragdoll_87,Ragdoll
Sphynx_78,Sphynx
Bombay_34,Bombay
Ragdoll_261,Ragdoll
Bombay_20,Bombay
Ragdoll_93,Ragdoll
Sphynx_44,Sphynx
Bombay_3,Bombay
Russian_Blue_187,RussianBlue
Maine_Coon_162,MaineCoon
Abyssinian_14,Abyssinian
Maine_Coon_176,MaineCoon
Russian_Blue_193,RussianBlue
Russian_Blue_98,RussianBlue
Russian_Blue_178,RussianBlue
Russian_Blue_73,RussianBlue
British_Shorthair_115,BritishShorthair
Ragdoll_44,Ragdoll
Persian_28,Persian
Birman_14,Birman
Maine_Coon_189,MaineCoon
British_Shorthair_101,BritishShorthair
Russian_Blue_67,RussianBlue
British_Shorthair_129,BritishShorthair
Persian_122,Persian
Ragdoll_78,Ragdoll
Russian_Blue_144,RussianBlue
Sphynx_87,Sphynx
Birman_28,Birman
Persian_14,Persian
Russian_Blue_150,RussianBlue
Sphynx_93,Sphynx
Persian_136,Persian
Bengal_149,Bengal
Bombay_104,Bombay
Bombay_110,Bombay
Sphynx_156,Sphynx
Siamese_247,Siamese
Bengal_175,Bengal
Bombay_138,Bombay
Bengal_161,Bengal
Sphynx_142,Sphynx
Abyssinian_126,Abyssinian
Sphynx_195,Sphynx
Sphynx_181,Sphynx
Abyssinian_132,Abyssinian
Ragdoll_103,Ragdoll
Ragdoll_117,Ragdoll
Maine_Coon_214,MaineCoon
Maine_Coon_71,MaineCoon
British_Shorthair_263,BritishShorthair
Persian_268,Persian
Bengal_9,Bengal
British_Shorthair_277,BritishShorthair
Bengal_13,Bengal
Russian_Blue_232,RussianBlue
Russian_Blue_226,RussianBlue
British_Shorthair_71,BritishShorthair
Siamese_119,Siamese
British_Shorthair_65,BritishShorthair
Egyptian_Mau_42,EgyptianMau
Siamese_131,Siamese
Egyptian_Mau_56,EgyptianMau
Sphynx_234,Sphynx
Siamese_125,Siamese
British_Shorthair_59,BritishShorthair
Egyptian_Mau_106,EgyptianMau
Egyptian_Mau_81,EgyptianMau
Birman_106,Birman
Siamese_32,Siamese
Birman_112,Birman
Siamese_26,Siamese
Egyptian_Mau_95,EgyptianMau
Egyptian_Mau_112,EgyptianMau
Egyptian_Mau_116,EgyptianMau
Egyptian_Mau_91,EgyptianMau
Siamese_22,Siamese
Birman_116,Birman
Siamese_36,Siamese
Birman_102,Birman
Egyptian_Mau_85,EgyptianMau
Egyptian_Mau_102,EgyptianMau
British_Shorthair_61,BritishShorthair
Siamese_109,Siamese
British_Shorthair_75,BritishShorthair
Sphynx_230,Sphynx
Egyptian_Mau_52,EgyptianMau
Siamese_135,Siamese
Egyptian_Mau_46,EgyptianMau
British_Shorthair_49,BritishShorthair
Bengal_17,Bengal
Maine_Coon_61,MaineCoon
British_Shorthair_273,BritishShorthair
British_Shorthair_267,BritishShorthair
Maine_Coon_75,MaineCoon
Russian_Blue_222,RussianBlue
Russian_Blue_236,RussianBlue
Maine_Coon_49,MaineCoon
Maine_Coon_238,MaineCoon
Ragdoll_113,Ragdoll
Ragdoll_107,Ragdoll
Maine_Coon_204,MaineCoon
Maine_Coon_210,MaineCoon
Abyssinian_136,Abyssinian
Sphynx_185,Sphynx
Sphynx_191,Sphynx
Abyssinian_122,Abyssinian
Bombay_114,Bombay
Bengal_159,Bengal
Bombay_100,Bombay
Sphynx_146,Sphynx
Siamese_257,Siamese
Bombay_128,Bombay
Bengal_165,Bengal
Bengal_171,Bengal
Sphynx_152,Sphynx
Russian_Blue_168,RussianBlue
Russian_Blue_63,RussianBlue
Ragdoll_54,Ragdoll
British_Shorthair_105,BritishShorthair
Persian_38,Persian
Birman_10,Birman
Ragdoll_40,Ragdoll
British_Shorthair_111,BritishShorthair
Russian_Blue_77,RussianBlue
Persian_132,Persian
Ragdoll_68,Ragdoll
British_Shorthair_139,BritishShorthair
Russian_Blue_154,RussianBlue
Birman_38,Birman
Persian_10,Persian
Sphynx_83,Sphynx
Russian_Blue_140,RussianBlue
Persian_126,Persian
Ragdoll_97,Ragdoll
Ragdoll_265,Ragdoll
Bombay_24,Bombay
Bombay_30,Bombay
Ragdoll_83,Ragdoll
Russian_Blue_197,RussianBlue
Sphynx_54,Sphynx
Bombay_18,Bombay
Ragdoll_259,Ragdoll
Abyssinian_10,Abyssinian
Egyptian_Mau_8,EgyptianMau
Russian_Blue_183,RussianBlue
Bombay_7,Bombay
Russian_Blue_88,RussianBlue
Sphynx_40,Sphynx
Maine_Coon_167,MaineCoon
Abyssinian_11,Abyssinian
Sphynx_41,Sphynx
Russian_Blue_89,RussianBlue
Bombay_6,Bombay
Russian_Blue_182,RussianBlue
Egyptian_Mau_9,EgyptianMau
Sphynx_55,Sphynx
Russian_Blue_196,RussianBlue
Ragdoll_258,Ragdoll
Bombay_19,Bombay
Maine_Coon_173,MaineCoon
Bombay_31,Bombay
Ragdoll_82,Ragdoll
Ragdoll_96,Ragdoll
Bombay_25,Bombay
Ragdoll_264,Ragdoll
Persian_11,Persian
Sphynx_82,Sphynx
Russian_Blue_155,RussianBlue
Sphynx_96,Sphynx
Persian_133,Persian
Ragdoll_69,Ragdoll
Birman_39,Birman
Birman_11,Birman
Russian_Blue_76,RussianBlue
British_Shorthair_110,BritishShorthair
Ragdoll_41,Ragdoll
British_Shorthair_104,BritishShorthair
Russian_Blue_62,RussianBlue
Russian_Blue_169,RussianBlue
Persian_39,Persian
Bengal_170,Bengal
Sphynx_153,Sphynx
Bengal_164,Bengal
Bombay_129,Bombay
Bombay_101,Bombay
Bengal_158,Bengal
Bombay_115,Bombay
Abyssinian_123,Abyssinian
Sphynx_190,Sphynx
Sphynx_184,Sphynx
Abyssinian_137,Abyssinian
Maine_Coon_211,MaineCoon
Maine_Coon_205,MaineCoon
Ragdoll_106,Ragdoll
Ragdoll_112,Ragdoll
Maine_Coon_239,MaineCoon
Russian_Blue_237,RussianBlue
Maine_Coon_48,MaineCoon
British_Shorthair_266,BritishShorthair
Maine_Coon_60,MaineCoon
Bengal_16,Bengal
British_Shorthair_272,BritishShorthair
Egyptian_Mau_47,EgyptianMau
British_Shorthair_48,BritishShorthair
Egyptian_Mau_53,EgyptianMau
Siamese_120,Siamese
Sphynx_231,Sphynx
Siamese_108,Siamese
British_Shorthair_74,BritishShorthair
British_Shorthair_60,BritishShorthair
Egyptian_Mau_84,EgyptianMau
Birman_103,Birman
Siamese_37,Siamese
Egyptian_Mau_103,EgyptianMau
Egyptian_Mau_117,EgyptianMau
Birman_117,Birman
Siamese_23,Siamese
Egyptian_Mau_90,EgyptianMau
Birman_129,Birman
Egyptian_Mau_129,EgyptianMau
British_Shorthair_89,BritishShorthair
Egyptian_Mau_101,EgyptianMau
Birman_101,Birman
Siamese_35,Siamese
Egyptian_Mau_86,EgyptianMau
Egyptian_Mau_92,EgyptianMau
Birman_115,Birman
Siamese_21,Siamese
Egyptian_Mau_115,EgyptianMau
Egyptian_Mau_79,EgyptianMau
British_Shorthair_62,BritishShorthair
Siamese_136,Siamese
Egyptian_Mau_45,EgyptianMau
Sphynx_233,Sphynx
Siamese_122,Siamese
Egyptian_Mau_51,EgyptianMau
Maine_Coon_76,MaineCoon
Russian_Blue_209,RussianBlue
British_Shorthair_270,BritishShorthair
Bengal_14,Bengal
British_Shorthair_258,BritishShorthair
Russian_Blue_221,RussianBlue
Bengal_28,Bengal
Ragdoll_104,Ragdoll
Ragdoll_110,Ragdoll
Maine_Coon_89,MaineCoon
Maine_Coon_213,MaineCoon
Ragdoll_138,Ragdoll
Maine_Coon_207,MaineCoon
British_Shorthair_9,BritishShorthair
Bengal_199,Bengal
Abyssinian_109,Abyssinian
Sphynx_192,Sphynx
Abyssinian_121,Abyssinian
Abyssinian_135,Abyssinian
Sphynx_186,Sphynx
Bombay_103,Bombay
Bombay_117,Bombay
Sphynx_179,Sphynx
Sphynx_151,Sphynx
Siamese_240,Siamese
Bengal_172,Bengal
Bengal_166,Bengal
Sphynx_145,Sphynx
Siamese_254,Siamese
Ragdoll_43,Ragdoll
British_Shorthair_112,BritishShorthair
Russian_Blue_74,RussianBlue
Birman_13,Birman
Russian_Blue_60,RussianBlue
Ragdoll_57,Ragdoll
British_Shorthair_106,BritishShorthair
Sphynx_80,Sphynx
Russian_Blue_143,RussianBlue
Russian_Blue_48,RussianBlue
Persian_125,Persian
Persian_13,Persian
Persian_131,Persian
Sphynx_94,Sphynx
Russian_Blue_157,RussianBlue
Ragdoll_80,Ragdoll
Maine_Coon_159,MaineCoon
Bombay_33,Bombay
Bombay_27,Bombay
Ragdoll_94,Ragdoll
Bombay_4,Bombay
Russian_Blue_180,RussianBlue
Sphynx_43,Sphynx
Abyssinian_13,Abyssinian
Maine_Coon_171,MaineCoon
Russian_Blue_194,RussianBlue
Sphynx_57,Sphynx
Maine_Coon_170,MaineCoon
Sphynx_56,Sphynx
Russian_Blue_195,RussianBlue
Sphynx_42,Sphynx
Russian_Blue_181,RussianBlue
Bombay_5,Bombay
Abyssinian_12,Abyssinian
Maine_Coon_164,MaineCoon
Bombay_26,Bombay
Ragdoll_95,Ragdoll
Ragdoll_81,Ragdoll
Bombay_32,Bombay
Maine_Coon_158,MaineCoon
Russian_Blue_156,RussianBlue
Sphynx_95,Sphynx
Russian_Blue_49,RussianBlue
Russian_Blue_142,RussianBlue
Persian_12,Persian
British_Shorthair_107,BritishShorthair
Ragdoll_56,Ragdoll
Russian_Blue_61,RussianBlue
Russian_Blue_75,RussianBlue
British_Shorthair_113,BritishShorthair
Persian_118,Persian
Ragdoll_42,Ragdoll
Birman_12,Birman
Bengal_167,Bengal
Sphynx_144,Sphynx
Sphynx_150,Sphynx
Bengal_173,Bengal
Bombay_116,Bombay
Sphynx_178,Sphynx
Bombay_102,Bombay
Sphynx_187,Sphynx
Abyssinian_134,Abyssinian
Abyssinian_120,Abyssinian
Sphynx_193,Sphynx
Bengal_198,Bengal
British_Shorthair_8,BritishShorthair
Abyssinian_108,Abyssinian
Maine_Coon_206,MaineCoon
Ragdoll_139,Ragdoll
Ragdoll_111,Ragdoll
Ragdoll_105,Ragdoll
Russian_Blue_220,RussianBlue
Bengal_29,Bengal
British_Shorthair_271,BritishShorthair
Maine_Coon_63,MaineCoon
Bengal_15,Bengal
Maine_Coon_77,MaineCoon
British_Shorthair_265,BritishShorthair
Russian_Blue_208,RussianBlue
Egyptian_Mau_50,EgyptianMau
Sphynx_232,Sphynx
Egyptian_Mau_44,EgyptianMau
Siamese_137,Siamese
British_Shorthair_63,BritishShorthair
British_Shorthair_77,BritishShorthair
Egyptian_Mau_78,EgyptianMau
Siamese_20,Siamese
Birman_114,Birman
Egyptian_Mau_93,EgyptianMau
Egyptian_Mau_114,EgyptianMau
Egyptian_Mau_100,EgyptianMau
British_Shorthair_88,BritishShorthair
Egyptian_Mau_87,EgyptianMau
Siamese_34,Siamese
Birman_100,Birman
Birman_128,Birman
Egyptian_Mau_128,EgyptianMau
Birman_125,Birman
Egyptian_Mau_125,EgyptianMau
Egyptian_Mau_131,EgyptianMau
Birman_131,Birman
Birman_119,Birman
British_Shorthair_91,BritishShorthair
Egyptian_Mau_119,EgyptianMau
British_Shorthair_85,BritishShorthair
Siamese_39,Siamese
Siamese_112,Siamese
Sphynx_203,Sphynx
Egyptian_Mau_61,EgyptianMau
Siamese_106,Siamese
Egyptian_Mau_75,EgyptianMau
British_Shorthair_52,BritishShorthair
British_Shorthair_46,BritishShorthair
Egyptian_Mau_49,EgyptianMau
Russian_Blue_211,RussianBlue
Bengal_18,Bengal
Bengal_2,Bengal
Persian_263,Persian
British_Shorthair_268,BritishShorthair
Russian_Blue_205,RussianBlue
Bengal_24,Bengal
Maine_Coon_52,MaineCoon
Maine_Coon_46,MaineCoon
Bengal_30,Bengal
Russian_Blue_239,RussianBlue
Maine_Coon_91,MaineCoon
Ragdoll_134,Ragdoll
Maine_Coon_85,MaineCoon
Bengal_195,Bengal
Abyssinian_105,Abyssinian
Abyssinian_111,Abyssinian
Abyssinian_139,Abyssinian
Bengal_156,Bengal
Sphynx_175,Sphynx
Bengal_142,Bengal
Bombay_127,Bombay
Bombay_133,Bombay
Maine_Coon_182,MaineCoon
Persian_37,Persian
Persian_101,Persian
Russian_Blue_78,RussianBlue
Russian_Blue_173,RussianBlue
Persian_115,Persian
Maine_Coon_196,MaineCoon
Birman_37,Birman
Sphynx_98,Sphynx
Russian_Blue_50,RussianBlue
Ragdoll_67,Ragdoll
British_Shorthair_136,BritishShorthair
Ragdoll_73,Ragdoll
Persian_129,Persian
British_Shorthair_122,BritishShorthair
Russian_Blue_44,RussianBlue
Birman_23,Birman
Maine_Coon_141,MaineCoon
Abyssinian_37,Abyssinian
Sphynx_67,Sphynx
Ragdoll_98,Ragdoll
Sphynx_73,Sphynx
Maine_Coon_155,MaineCoon
Russian_Blue_93,RussianBlue
Russian_Blue_198,RussianBlue
Russian_Blue_87,RussianBlue
Bombay_8,Bombay
Egyptian_Mau_7,EgyptianMau
Maine_Coon_169,MaineCoon
Egyptian_Mau_6,EgyptianMau
Bombay_9,Bombay
Russian_Blue_86,RussianBlue
Maine_Coon_168,MaineCoon
Bombay_16,Bombay
Ragdoll_257,Ragdoll
Russian_Blue_199,RussianBlue
Russian_Blue_92,RussianBlue
Sphynx_72,Sphynx
Abyssinian_22,Abyssinian
Maine_Coon_154,MaineCoon
Maine_Coon_140,MaineCoon
Ragdoll_99,Ragdoll
Sphynx_66,Sphynx
Russian_Blue_45,RussianBlue
British_Shorthair_123,BritishShorthair
Ragdoll_72,Ragdoll
Persian_128,Persian
Birman_22,Birman
Birman_36,Birman
British_Shorthair_137,BritishShorthair
Russian_Blue_51,RussianBlue
Sphynx_99,Sphynx
Persian_114,Persian
Russian_Blue_172,RussianBlue
Russian_Blue_79,RussianBlue
Persian_22,Persian
Maine_Coon_197,MaineCoon
Persian_36,Persian
Russian_Blue_166,RussianBlue
Persian_100,Persian
Bombay_132,Bombay
Bombay_126,Bombay
Sphynx_148,Sphynx
Sphynx_160,Sphynx
Bengal_143,Bengal
Bengal_157,Bengal
Sphynx_174,Sphynx
Abyssinian_138,Abyssinian
Abyssinian_110,Abyssinian
Bengal_180,Bengal
Bengal_194,Bengal
Abyssinian_104,Abyssinian
Maine_Coon_84,MaineCoon
Ragdoll_135,Ragdoll
Ragdoll_121,Ragdoll
Maine_Coon_222,MaineCoon
Bengal_31,Bengal
Maine_Coon_47,MaineCoon
British_Shorthair_241,BritishShorthair
Maine_Coon_53,MaineCoon
Bengal_25,Bengal
Russian_Blue_204,RussianBlue
British_Shorthair_269,BritishShorthair
Persian_262,Persian
Bengal_3,Bengal
Bengal_19,Bengal
British_Shorthair_47,BritishShorthair
Egyptian_Mau_48,EgyptianMau
British_Shorthair_53,BritishShorthair
Egyptian_Mau_74,EgyptianMau
Egyptian_Mau_60,EgyptianMau
Sphynx_202,Sphynx
Siamese_113,Siamese
British_Shorthair_84,BritishShorthair
Birman_118,Birman
Egyptian_Mau_118,EgyptianMau
British_Shorthair_90,BritishShorthair
Egyptian_Mau_130,EgyptianMau
Birman_130,Birman
Birman_124,Birman
Egyptian_Mau_124,EgyptianMau
Birman_132,Birman
Egyptian_Mau_132,EgyptianMau
Egyptian_Mau_126,EgyptianMau
Birman_126,Birman
Egyptian_Mau_89,EgyptianMau
British_Shorthair_86,BritishShorthair
British_Shorthair_92,BritishShorthair
Egyptian_Mau_76,EgyptianMau
British_Shorthair_79,BritishShorthair
Siamese_111,Siamese
Sphynx_200,Sphynx
Egyptian_Mau_62,EgyptianMau
Siamese_139,Siamese
Sphynx_228,Sphynx
British_Shorthair_45,BritishShorthair
British_Shorthair_51,BritishShorthair
Bengal_1,Bengal
Persian_260,Persian
Russian_Blue_206,RussianBlue
Maine_Coon_79,MaineCoon
Russian_Blue_212,RussianBlue
Bengal_33,Bengal
Bengal_27,Bengal
Maine_Coon_51,MaineCoon
Ragdoll_137,Ragdoll
Maine_Coon_208,MaineCoon
Maine_Coon_92,MaineCoon
Bengal_182,Bengal
Abyssinian_112,Abyssinian
Abyssinian_106,Abyssinian
Bengal_196,Bengal
British_Shorthair_6,BritishShorthair
Sphynx_189,Sphynx
Bengal_141,Bengal
Sphynx_162,Sphynx
Sphynx_176,Sphynx
Bombay_118,Bombay
Bengal_155,Bengal
Bombay_130,Bombay
Bengal_169,Bengal
Maine_Coon_195,MaineCoon
Persian_20,Persian
Russian_Blue_170,RussianBlue
Persian_116,Persian
Ragdoll_58,Ragdoll
Persian_102,Persian
British_Shorthair_109,BritishShorthair
Russian_Blue_164,RussianBlue
Persian_34,Persian
Birman_20,Birman
British_Shorthair_121,BritishShorthair
Russian_Blue_47,RussianBlue
Russian_Blue_53,RussianBlue
Russian_Blue_158,RussianBlue
Ragdoll_64,Ragdoll
British_Shorthair_135,BritishShorthair
Birman_34,Birman
Abyssinian_20,Abyssinian
Sphynx_70,Sphynx
Maine_Coon_142,MaineCoon
Russian_Blue_84,RussianBlue
Egyptian_Mau_4,EgyptianMau
Russian_Blue_90,RussianBlue
Sphynx_58,Sphynx
Ragdoll_255,Ragdoll
Bombay_14,Bombay
Sphynx_59,Sphynx
Russian_Blue_91,RussianBlue
Bombay_15,Bombay
Ragdoll_254,Ragdoll
Egyptian_Mau_5,EgyptianMau
Russian_Blue_85,RussianBlue
Sphynx_65,Sphynx
Bombay_29,Bombay
Maine_Coon_143,MaineCoon
Maine_Coon_157,MaineCoon
Abyssinian_21,Abyssinian
Sphynx_71,Sphynx
British_Shorthair_134,BritishShorthair
Russian_Blue_159,RussianBlue
Birman_35,Birman
Birman_21,Birman
British_Shorthair_120,BritishShorthair
Ragdoll_71,Ragdoll
Russian_Blue_165,RussianBlue
British_Shorthair_108,BritishShorthair
Ragdoll_59,Ragdoll
Persian_103,Persian
Maine_Coon_180,MaineCoon
Persian_21,Persian
Maine_Coon_194,MaineCoon
Persian_117,Persian
Russian_Blue_171,RussianBlue
Bengal_168,Bengal
Bombay_125,Bombay
Bombay_131,Bombay
Sphynx_177,Sphynx
Bengal_154,Bengal
Bombay_119,Bombay
Bengal_140,Bengal
Sphynx_188,Sphynx
Abyssinian_107,Abyssinian
Bengal_197,Bengal
Bengal_183,Bengal
Abyssinian_113,Abyssinian
Ragdoll_122,Ragdoll
Maine_Coon_93,MaineCoon
Maine_Coon_87,MaineCoon
Ragdoll_136,Ragdoll
Maine_Coon_50,MaineCoon
Bengal_26,Bengal
Bengal_32,Bengal
Maine_Coon_44,MaineCoon
Russian_Blue_207,RussianBlue
Persian_261,Persian
Maine_Coon_78,MaineCoon
British_Shorthair_50,BritishShorthair
Sphynx_229,Sphynx
Siamese_138,Siamese
British_Shorthair_44,BritishShorthair
Egyptian_Mau_63,EgyptianMau
Sphynx_201,Sphynx
Siamese_110,Siamese
Egyptian_Mau_77,EgyptianMau
Siamese_104,Siamese
British_Shorthair_78,BritishShorthair
British_Shorthair_93,BritishShorthair
Egyptian_Mau_88,EgyptianMau
British_Shorthair_87,BritishShorthair
Egyptian_Mau_127,EgyptianMau
Birman_127,Birman
Birman_133,Birman
Egyptian_Mau_133,EgyptianMau
British_Shorthair_83,BritishShorthair
Egyptian_Mau_98,EgyptianMau
British_Shorthair_97,BritishShorthair
Birman_137,Birman
Siamese_17,Siamese
Birman_123,Birman
Egyptian_Mau_123,EgyptianMau
British_Shorthair_40,BritishShorthair
Sphynx_239,Sphynx
Siamese_128,Siamese
British_Shorthair_54,BritishShorthair
Sphynx_211,Sphynx
Siamese_100,Siamese
Egyptian_Mau_73,EgyptianMau
Sphynx_205,Sphynx
Siamese_114,Siamese
Egyptian_Mau_67,EgyptianMau
British_Shorthair_68,BritishShorthair
Bengal_36,Bengal
Persian_259,Persian
Bengal_22,Bengal
Maine_Coon_54,MaineCoon
Bengal_4,Bengal
Persian_265,Persian
Russian_Blue_203,RussianBlue
Persian_271,Persian
Maine_Coon_68,MaineCoon
Ragdoll_132,Ragdoll
Maine_Coon_83,MaineCoon
Maine_Coon_219,MaineCoon
Maine_Coon_97,MaineCoon
Ragdoll_126,Ragdoll
Maine_Coon_231,MaineCoon
Sphynx_198,Sphynx
Abyssinian_117,Abyssinian
Bengal_187,Bengal
British_Shorthair_3,BritishShorthair
Bengal_193,Bengal
Abyssinian_103,Abyssinian
Bombay_135,Bombay
Bengal_178,Bengal
Bombay_121,Bombay
Sphynx_167,Sphynx
Bombay_109,Bombay
Bengal_144,Bengal
Bengal_150,Bengal
Sphynx_173,Sphynx
Ragdoll_75,Ragdoll
British_Shorthair_124,BritishShorthair
Russian_Blue_149,RussianBlue
Birman_25,Birman
Persian_19,Persian
Birman_31,Birman
British_Shorthair_130,BritishShorthair
Russian_Blue_175,RussianBlue
Ragdoll_49,Ragdoll
British_Shorthair_118,BritishShorthair
Persian_25,Persian
Birman_19,Birman
Maine_Coon_184,MaineCoon
Persian_31,Persian
Persian_107,Persian
Russian_Blue_161,RussianBlue
Russian_Blue_81,RussianBlue
Sphynx_49,Sphynx
Egyptian_Mau_1,EgyptianMau
Abyssinian_19,Abyssinian
Bombay_11,Bombay
Ragdoll_250,Ragdoll
Russian_Blue_95,RussianBlue
Sphynx_75,Sphynx
Bombay_39,Bombay
Abyssinian_25,Abyssinian
Maine_Coon_153,MaineCoon
Abyssinian_31,Abyssinian
Maine_Coon_147,MaineCoon
Sphynx_61,Sphynx
Maine_Coon_146,MaineCoon
Abyssinian_30,Abyssinian
Sphynx_74,Sphynx
Maine_Coon_152,MaineCoon
Abyssinian_24,Abyssinian
Bombay_38,Bombay
Bombay_10,Bombay
Russian_Blue_94,RussianBlue
Sphynx_48,Sphynx
Russian_Blue_80,RussianBlue
Ragdoll_245,Ragdoll
Abyssinian_18,Abyssinian
Persian_30,Persian
Russian_Blue_160,RussianBlue
Persian_106,Persian
British_Shorthair_119,BritishShorthair
Ragdoll_48,Ragdoll
Persian_112,Persian
Russian_Blue_174,RussianBlue
Birman_18,Birman
Maine_Coon_191,MaineCoon
Birman_30,Birman
Ragdoll_60,Ragdoll
Russian_Blue_57,RussianBlue
Russian_Blue_43,RussianBlue
Russian_Blue_148,RussianBlue
British_Shorthair_125,BritishShorthair
Ragdoll_74,Ragdoll
Persian_18,Persian
Birman_24,Birman
Bengal_151,Bengal
Sphynx_172,Sphynx
Sphynx_166,Sphynx
Bengal_145,Bengal
Bombay_108,Bombay
Bombay_120,Bombay
Bengal_179,Bengal
Bombay_134,Bombay
Bengal_192,Bengal
British_Shorthair_2,BritishShorthair
Abyssinian_102,Abyssinian
Abyssinian_116,Abyssinian
Bengal_186,Bengal
Sphynx_199,Sphynx
Ragdoll_127,Ragdoll
Maine_Coon_96,MaineCoon
Maine_Coon_82,MaineCoon
Ragdoll_133,Ragdoll
Persian_270,Persian
Russian_Blue_216,RussianBlue
Maine_Coon_69,MaineCoon
Russian_Blue_202,RussianBlue
Persian_264,Persian
Bengal_5,Bengal
Maine_Coon_55,MaineCoon
Bengal_23,Bengal
Bengal_37,Bengal
Maine_Coon_41,MaineCoon
Persian_258,Persian
Siamese_115,Siamese
Sphynx_204,Sphynx
Siamese_101,Siamese
Siamese_129,Siamese
Sphynx_238,Sphynx
British_Shorthair_55,BritishShorthair
British_Shorthair_41,BritishShorthair
Birman_122,Birman
Egyptian_Mau_122,EgyptianMau
Egyptian_Mau_136,EgyptianMau
Birman_136,Birman
Egyptian_Mau_99,EgyptianMau
British_Shorthair_96,BritishShorthair
British_Shorthair_82,BritishShorthair
British_Shorthair_94,BritishShorthair
Siamese_28,Siamese
Birman_108,Birman
Egyptian_Mau_108,EgyptianMau
Egyptian_Mau_120,EgyptianMau
Birman_120,Birman
Siamese_14,Siamese
Birman_134,Birman
Egyptian_Mau_134,EgyptianMau
British_Shorthair_57,BritishShorthair
Egyptian_Mau_58,EgyptianMau
British_Shorthair_43,BritishShorthair
Sphynx_206,Sphynx
Siamese_117,Siamese
Sphynx_212,Sphynx
Siamese_103,Siamese
Egyptian_Mau_70,EgyptianMau
Bengal_21,Bengal
Maine_Coon_57,MaineCoon
Russian_Blue_228,RussianBlue
Maine_Coon_43,MaineCoon
Bengal_35,Bengal
Persian_272,Persian
Bengal_7,Bengal
Persian_266,Persian
Russian_Blue_200,RussianBlue
Maine_Coon_94,MaineCoon
Ragdoll_125,Ragdoll
Ragdoll_131,Ragdoll
Maine_Coon_80,MaineCoon
Ragdoll_119,Ragdoll
Abyssinian_128,Abyssinian
Abyssinian_100,Abyssinian
Bengal_190,Bengal
Bengal_184,Bengal
Abyssinian_114,Abyssinian
Bombay_122,Bombay
Bombay_136,Bombay
Sphynx_158,Sphynx
Siamese_249,Siamese
Sphynx_170,Sphynx
Bengal_153,Bengal
Bengal_147,Bengal
Sphynx_164,Sphynx
Russian_Blue_55,RussianBlue
Ragdoll_62,Ragdoll
Persian_138,Persian
British_Shorthair_133,BritishShorthair
Birman_32,Birman
Birman_26,Birman
Ragdoll_76,Ragdoll
British_Shorthair_127,BritishShorthair
Sphynx_89,Sphynx
Russian_Blue_41,RussianBlue
Persian_104,Persian
Russian_Blue_162,RussianBlue
Russian_Blue_69,RussianBlue
Maine_Coon_187,MaineCoon
Persian_32,Persian
Maine_Coon_193,MaineCoon
Persian_26,Persian
Russian_Blue_176,RussianBlue
Russian_Blue_96,RussianBlue
Bombay_12,Bombay
Russian_Blue_82,RussianBlue
Egyptian_Mau_2,EgyptianMau
Maine_Coon_144,MaineCoon
Abyssinian_32,Abyssinian
Maine_Coon_150,MaineCoon
Abyssinian_26,Abyssinian
Ragdoll_89,Ragdoll
Sphynx_76,Sphynx
Abyssinian_27,Abyssinian
Maine_Coon_151,MaineCoon
Sphynx_77,Sphynx
Ragdoll_88,Ragdoll
Abyssinian_33,Abyssinian
Maine_Coon_145,MaineCoon
Egyptian_Mau_3,EgyptianMau
Russian_Blue_83,RussianBlue
Russian_Blue_188,RussianBlue
Russian_Blue_97,RussianBlue
Ragdoll_252,Ragdoll
Bombay_13,Bombay
Persian_27,Persian
Maine_Coon_192,MaineCoon
Persian_111,Persian
Russian_Blue_177,RussianBlue
Russian_Blue_68,RussianBlue
Persian_105,Persian
Maine_Coon_186,MaineCoon
Birman_27,Birman
Russian_Blue_40,RussianBlue
Sphynx_88,Sphynx
British_Shorthair_126,BritishShorthair
Ragdoll_77,Ragdoll
Ragdoll_63,Ragdoll
Persian_139,Persian
Russian_Blue_54,RussianBlue
Birman_33,Birman
Bengal_146,Bengal
Sphynx_165,Sphynx
Sphynx_171,Sphynx
Bengal_152,Bengal
Bombay_137,Bombay
Sphynx_159,Sphynx
Bombay_123,Bombay
Bengal_185,Bengal
Abyssinian_115,Abyssinian
Abyssinian_101,Abyssinian
Bengal_191,Bengal
Abyssinian_129,Abyssinian
Maine_Coon_227,MaineCoon
Ragdoll_118,Ragdoll
Maine_Coon_81,MaineCoon
Ragdoll_130,Ragdoll
Ragdoll_124,Ragdoll
Maine_Coon_95,MaineCoon
Russian_Blue_201,RussianBlue
Persian_267,Persian
Bengal_6,Bengal
British_Shorthair_278,BritishShorthair
Persian_273,Persian
Russian_Blue_215,RussianBlue
Bengal_34,Bengal
Maine_Coon_42,MaineCoon
Maine_Coon_56,MaineCoon
Bengal_20,Bengal
Egyptian_Mau_71,EgyptianMau
Siamese_102,Siamese
Sphynx_213,Sphynx
Siamese_116,Siamese
British_Shorthair_42,BritishShorthair
British_Shorthair_56,BritishShorthair
Egyptian_Mau_59,EgyptianMau
Birman_135,Birman
Egyptian_Mau_121,EgyptianMau
Birman_121,Birman
Birman_109,Birman
Egyptian_Mau_109,EgyptianMau
British_Shorthair_95,BritishShorthair
Siamese_29,Siamese
Egyptian_Mau_146,EgyptianMau
Siamese_72,Siamese
Birman_146,Birman
Abyssinian_210,Abyssinian
Siamese_66,Siamese
Birman_152,Birman
Abyssinian_204,Abyssinian
Egyptian_Mau_152,EgyptianMau
Egyptian_Mau_185,EgyptianMau
Siamese_171,Siamese
Birman_185,Birman
Birman_191,Birman
Siamese_165,Siamese
Egyptian_Mau_16,EgyptianMau
British_Shorthair_31,BritishShorthair
Siamese_159,Siamese
Sphynx_248,Sphynx
Siamese_99,Siamese
British_Shorthair_25,BritishShorthair
Persian_200,Persian
Maine_Coon_19,MaineCoon
Maine_Coon_31,MaineCoon
Bengal_47,Bengal
Ragdoll_180,Ragdoll
Persian_228,Persian
British_Shorthair_223,BritishShorthair
Bengal_53,Bengal
Ragdoll_194,Ragdoll
Maine_Coon_25,MaineCoon
Maine_Coon_254,MaineCoon
Ragdoll_143,Ragdoll
Bengal_84,Bengal
Maine_Coon_268,MaineCoon
Sphynx_1,Sphynx
Bengal_90,Bengal
Abyssinian_9,Abyssinian
Abyssinian_166,Abyssinian
Russian_Blue_9,RussianBlue
Egyptian_Mau_224,EgyptianMau
Abyssinian_172,Abyssinian
Persian_3,Persian
Egyptian_Mau_218,EgyptianMau
Bombay_193,Bombay
Siamese_207,Siamese
Sphynx_116,Sphynx
Bombay_178,Bombay
Bengal_135,Bengal
Bengal_121,Bengal
Sphynx_102,Sphynx
Bombay_144,Bombay
Bengal_109,Bengal
Bombay_150,Bombay
Russian_Blue_104,RussianBlue
Persian_162,Persian
British_Shorthair_169,BritishShorthair
Abyssinian_97,Abyssinian
Persian_54,Persian
Birman_68,Birman
Abyssinian_83,Abyssinian
Persian_40,Persian
Persian_176,Persian
Russian_Blue_110,RussianBlue
British_Shorthair_155,BritishShorthair
Russian_Blue_33,RussianBlue
Birman_54,Birman
Persian_68,Persian
Birman_40,Birman
Russian_Blue_27,RussianBlue
Ragdoll_10,Ragdoll
British_Shorthair_141,BritishShorthair
Bombay_48,Bombay
Persian_97,Persian
Abyssinian_54,Abyssinian
Persian_83,Persian
Abyssinian_40,Abyssinian
Maine_Coon_136,MaineCoon
Sphynx_38,Sphynx
British_Shorthair_196,BritishShorthair
Abyssinian_68,Abyssinian
Ragdoll_235,Ragdoll
Bombay_74,Bombay
Birman_97,Birman
Bombay_60,Bombay
Birman_83,Birman
British_Shorthair_182,BritishShorthair
Persian_189,Persian
Birman_82,Birman
Bombay_61,Bombay
Maine_Coon_5,MaineCoon
Persian_188,Persian
British_Shorthair_183,BritishShorthair
British_Shorthair_197,BritishShorthair
Sphynx_39,Sphynx
Birman_96,Birman
Bombay_75,Bombay
Ragdoll_234,Ragdoll
Abyssinian_69,Abyssinian
Maine_Coon_137,MaineCoon
Persian_82,Persian
Sphynx_11,Sphynx
Maine_Coon_123,MaineCoon
Abyssinian_55,Abyssinian
Ragdoll_208,Ragdoll
Bombay_49,Bombay
Birman_41,Birman
British_Shorthair_140,BritishShorthair
Russian_Blue_139,RussianBlue
Russian_Blue_32,RussianBlue
British_Shorthair_154,BritishShorthair
Persian_69,Persian
Birman_55,Birman
Persian_41,Persian
Abyssinian_82,Abyssinian
Russian_Blue_111,RussianBlue
British_Shorthair_168,BritishShorthair
Persian_163,Persian
Birman_69,Birman
Persian_55,Persian
Abyssinian_96,Abyssinian
Bombay_151,Bombay
Bengal_108,Bengal
Bombay_145,Bombay
Bengal_120,Bengal
Sphynx_103,Sphynx
Sphynx_117,Sphynx
Siamese_206,Siamese
Bengal_134,Bengal
Bombay_179,Bombay
Bombay_192,Bombay
Egyptian_Mau_219,EgyptianMau
Bombay_186,Bombay
Persian_2,Persian
Abyssinian_173,Abyssinian
Russian_Blue_8,RussianBlue
Abyssinian_167,Abyssinian
Abyssinian_8,Abyssinian
Bengal_91,Bengal
Ragdoll_156,Ragdoll
Maine_Coon_269,MaineCoon
Bengal_85,Bengal
Ragdoll_142,Ragdoll
Maine_Coon_241,MaineCoon
Maine_Coon_24,MaineCoon
Ragdoll_195,Ragdoll
Bengal_52,Bengal
Ragdoll_181,Ragdoll
Bengal_46,Bengal
Maine_Coon_30,MaineCoon
Persian_201,Persian
Maine_Coon_18,MaineCoon
Siamese_98,Siamese
Sphynx_249,Sphynx
Siamese_158,Siamese
British_Shorthair_30,BritishShorthair
Siamese_164,Siamese
Birman_190,Birman
Egyptian_Mau_190,EgyptianMau
British_Shorthair_18,BritishShorthair
Egyptian_Mau_184,EgyptianMau
Birman_184,Birman
Siamese_170,Siamese
Abyssinian_205,Abyssinian
Birman_153,Birman
Siamese_67,Siamese
Egyptian_Mau_153,EgyptianMau
Egyptian_Mau_147,EgyptianMau
Birman_147,Birman
Siamese_73,Siamese
Egyptian_Mau_151,EgyptianMau
Birman_151,Birman
Siamese_65,Siamese
Abyssinian_207,Abyssinian
Birman_145,Birman
Siamese_71,Siamese
Abyssinian_213,Abyssinian
Siamese_59,Siamese
Siamese_199,Siamese
Birman_179,Birman
Egyptian_Mau_179,EgyptianMau
Birman_8,Birman
Egyptian_Mau_192,EgyptianMau
Birman_192,Birman
Egyptian_Mau_15,EgyptianMau
Siamese_172,Siamese
Birman_186,Birman
British_Shorthair_26,BritishShorthair
Egyptian_Mau_29,EgyptianMau
British_Shorthair_32,BritishShorthair
Persian_217,Persian
Bengal_78,Bengal
Bengal_50,Bengal
Ragdoll_197,Ragdoll
Maine_Coon_26,MaineCoon
Maine_Coon_32,MaineCoon
Bengal_44,Bengal
Ragdoll_183,Ragdoll
Ragdoll_168,Ragdoll
Ragdoll_154,Ragdoll
Bengal_93,Bengal
Ragdoll_140,Ragdoll
Bengal_87,Bengal
Sphynx_2,Sphynx
Abyssinian_165,Abyssinian
Bombay_190,Bombay
Bombay_184,Bombay
Abyssinian_159,Abyssinian
Siamese_210,Siamese
Bengal_122,Bengal
Bengal_136,Bengal
Siamese_204,Siamese
Sphynx_115,Sphynx
Bombay_153,Bombay
Siamese_238,Siamese
Sphynx_129,Sphynx
Persian_175,Persian
Russian_Blue_18,RussianBlue
Russian_Blue_113,RussianBlue
Abyssinian_80,Abyssinian
Persian_43,Persian
Abyssinian_94,Abyssinian
Bombay_88,Bombay
Russian_Blue_107,RussianBlue
Persian_161,Persian
Russian_Blue_24,RussianBlue
Ragdoll_13,Ragdoll
Persian_149,Persian
Birman_43,Birman
Birman_57,Birman
British_Shorthair_156,BritishShorthair
Russian_Blue_30,RussianBlue
Persian_80,Persian
Maine_Coon_135,MaineCoon
Abyssinian_43,Abyssinian
Persian_94,Persian
Maine_Coon_121,MaineCoon
Abyssinian_57,Abyssinian
British_Shorthair_181,BritishShorthair
Maine_Coon_7,MaineCoon
Bombay_63,Bombay
Birman_80,Birman
Maine_Coon_109,MaineCoon
Bombay_77,Bombay
Birman_94,Birman
British_Shorthair_195,BritishShorthair
Birman_95,Birman
Bombay_76,Bombay
Maine_Coon_6,MaineCoon
British_Shorthair_180,BritishShorthair
Maine_Coon_108,MaineCoon
Birman_81,Birman
Bombay_62,Bombay
Abyssinian_56,Abyssinian
Persian_95,Persian
Sphynx_12,Sphynx
Maine_Coon_134,MaineCoon
Persian_81,Persian
Birman_56,Birman
Russian_Blue_31,RussianBlue
British_Shorthair_157,BritishShorthair
Ragdoll_12,Ragdoll
Birman_42,Birman
Bombay_89,Bombay
Persian_56,Persian
Abyssinian_95,Abyssinian
Persian_160,Persian
Russian_Blue_106,RussianBlue
Russian_Blue_112,RussianBlue
Russian_Blue_19,RussianBlue
Persian_174,Persian
Persian_42,Persian
Abyssinian_81,Abyssinian
Bombay_146,Bombay
Sphynx_128,Sphynx
Bombay_152,Bombay
Bengal_137,Bengal
Sphynx_114,Sphynx
Siamese_205,Siamese
Bengal_123,Bengal
Bombay_185,Bombay
Persian_1,Persian
Abyssinian_158,Abyssinian
Bombay_191,Bombay
Abyssinian_164,Abyssinian
Abyssinian_170,Abyssinian
Sphynx_3,Sphynx
Bengal_86,Bengal
Ragdoll_141,Ragdoll
Bengal_92,Bengal
Ragdoll_155,Ragdoll
Maine_Coon_242,MaineCoon
Ragdoll_169,Ragdoll
Ragdoll_182,Ragdoll
Bengal_45,Bengal
Maine_Coon_33,MaineCoon
Maine_Coon_27,MaineCoon
Ragdoll_196,Ragdoll
Bengal_51,Bengal
Russian_Blue_258,RussianBlue
Bengal_79,Bengal
British_Shorthair_209,BritishShorthair
Persian_202,Persian
Russian_Blue_264,RussianBlue
British_Shorthair_33,BritishShorthair
British_Shorthair_27,BritishShorthair
Egyptian_Mau_28,EgyptianMau
Birman_187,Birman
Siamese_173,Siamese
Egyptian_Mau_187,EgyptianMau
Egyptian_Mau_193,EgyptianMau
Birman_9,Birman
Siamese_167,Siamese
Birman_193,Birman
Birman_178,Birman
Egyptian_Mau_178,EgyptianMau
Siamese_198,Siamese
Siamese_58,Siamese
Abyssinian_212,Abyssinian
Siamese_70,Siamese
Birman_144,Birman
Egyptian_Mau_144,EgyptianMau
Egyptian_Mau_150,EgyptianMau
Abyssinian_206,Abyssinian
Siamese_64,Siamese
Birman_150,Birman
Birman_168,Birman
Egyptian_Mau_168,EgyptianMau
Siamese_188,Siamese
Siamese_48,Siamese
Birman_154,Birman
Siamese_60,Siamese
Abyssinian_202,Abyssinian
Egyptian_Mau_154,EgyptianMau
Egyptian_Mau_140,EgyptianMau
Birman_140,Birman
Siamese_74,Siamese
Abyssinian_216,Abyssinian
Bombay_220,Bombay
British_Shorthair_37,BritishShorthair
Birman_197,Birman
Siamese_163,Siamese
Egyptian_Mau_10,EgyptianMau
Egyptian_Mau_197,EgyptianMau
Bombay_208,Bombay
Egyptian_Mau_183,EgyptianMau
Birman_183,Birman
Bengal_55,Bengal
Ragdoll_192,Ragdoll
Maine_Coon_23,MaineCoon
Maine_Coon_37,MaineCoon
Bengal_41,Bengal
Ragdoll_186,Ragdoll
Persian_206,Persian
Bengal_69,Bengal
Ragdoll_151,Ragdoll
Bengal_96,Bengal
Ragdoll_145,Ragdoll
Bengal_82,Bengal
Maine_Coon_246,MaineCoon
Ragdoll_179,Ragdoll
Abyssinian_148,Abyssinian
Persian_5,Persian
Bombay_181,Bombay
Egyptian_Mau_222,EgyptianMau
Abyssinian_174,Abyssinian
Abyssinian_160,Abyssinian
Bombay_156,Bombay
Sphynx_138,Sphynx
Bengal_127,Bengal
Sphynx_104,Sphynx
Sphynx_110,Sphynx
Siamese_201,Siamese
Bengal_133,Bengal
Birman_46,Birman
Russian_Blue_21,RussianBlue
Ragdoll_16,Ragdoll
Persian_158,Persian
British_Shorthair_153,BritishShorthair
Russian_Blue_35,RussianBlue
Birman_52,Birman
Bombay_99,Bombay
Abyssinian_85,Abyssinian
Persian_46,Persian
Persian_170,Persian
Russian_Blue_116,RussianBlue
Russian_Blue_102,RussianBlue
Persian_164,Persian
Abyssinian_91,Abyssinian
Persian_52,Persian
Ragdoll_227,Ragdoll
Bombay_66,Bombay
Birman_85,Birman
British_Shorthair_184,BritishShorthair
Maine_Coon_2,MaineCoon
British_Shorthair_190,BritishShorthair
Bombay_72,Bombay
Birman_91,Birman
Persian_85,Persian
Abyssinian_46,Abyssinian
Persian_91,Persian
Maine_Coon_124,MaineCoon
Abyssinian_52,Abyssinian
Persian_90,Persian
Abyssinian_47,Abyssinian
Maine_Coon_131,MaineCoon
Persian_84,Persian
Sphynx_17,Sphynx
Birman_90,Birman
Bombay_73,Bombay
Maine_Coon_119,MaineCoon
Birman_84,Birman
Bombay_67,Bombay
Maine_Coon_3,MaineCoon
British_Shorthair_185,BritishShorthair
Persian_165,Persian
Russian_Blue_103,RussianBlue
Persian_53,Persian
Abyssinian_90,Abyssinian
Persian_47,Persian
Abyssinian_84,Abyssinian
Bombay_98,Bombay
Russian_Blue_117,RussianBlue
Persian_171,Persian
Russian_Blue_34,RussianBlue
Persian_159,Persian
Birman_53,Birman
Birman_47,Birman
Russian_Blue_20,RussianBlue
Siamese_200,Siamese
Sphynx_111,Sphynx
Bengal_132,Bengal
Bengal_126,Bengal
Sphynx_105,Sphynx
Bombay_143,Bombay
Bombay_157,Bombay
Siamese_228,Siamese
Sphynx_139,Sphynx
Abyssinian_161,Abyssinian
Egyptian_Mau_223,EgyptianMau
Abyssinian_175,Abyssinian
Bombay_180,Bombay
Persian_4,Persian
Bombay_194,Bombay
Abyssinian_149,Abyssinian
Ragdoll_178,Ragdoll
Maine_Coon_253,MaineCoon
Maine_Coon_247,MaineCoon
Bengal_83,Bengal
Bengal_97,Bengal
Ragdoll_150,Ragdoll
British_Shorthair_218,BritishShorthair
Persian_213,Persian
Bengal_68,Bengal
Ragdoll_187,Ragdoll
Bengal_40,Bengal
Maine_Coon_36,MaineCoon
British_Shorthair_230,BritishShorthair
Ragdoll_193,Ragdoll
Bengal_54,Bengal
Egyptian_Mau_182,EgyptianMau
Bombay_209,Bombay
Birman_182,Birman
Siamese_176,Siamese
Egyptian_Mau_11,EgyptianMau
Siamese_162,Siamese
Birman_196,Birman
Egyptian_Mau_196,EgyptianMau
British_Shorthair_36,BritishShorthair
Egyptian_Mau_39,EgyptianMau
British_Shorthair_22,BritishShorthair
Bombay_221,Bombay
Egyptian_Mau_141,EgyptianMau
Abyssinian_217,Abyssinian
Siamese_75,Siamese
Birman_141,Birman
Siamese_61,Siamese
Birman_155,Birman
Egyptian_Mau_155,EgyptianMau
Siamese_49,Siamese
Siamese_189,Siamese
Birman_169,Birman
Siamese_77,Siamese
Birman_143,Birman
Abyssinian_215,Abyssinian
Egyptian_Mau_143,EgyptianMau
Egyptian_Mau_157,EgyptianMau
Siamese_63,Siamese
Birman_157,Birman
Abyssinian_201,Abyssinian
Siamese_88,Siamese
Siamese_148,Siamese
British_Shorthair_34,BritishShorthair
Siamese_174,Siamese
Birman_180,Birman
Egyptian_Mau_180,EgyptianMau
Egyptian_Mau_194,EgyptianMau
Birman_194,Birman
Siamese_160,Siamese
Egyptian_Mau_13,EgyptianMau
Maine_Coon_34,MaineCoon
Bengal_42,Bengal
Ragdoll_185,Ragdoll
Bengal_56,Bengal
Ragdoll_191,Ragdoll
Persian_239,Persian
Russian_Blue_263,RussianBlue
Ragdoll_146,Ragdoll
Siamese_9,Siamese
Bengal_81,Bengal
Sphynx_4,Sphynx
Ragdoll_152,Ragdoll
Bengal_95,Bengal
Maine_Coon_245,MaineCoon
Persian_6,Persian
Egyptian_Mau_209,EgyptianMau
Bombay_182,Bombay
Abyssinian_177,Abyssinian
Egyptian_Mau_221,EgyptianMau
Bombay_141,Bombay
Bombay_155,Bombay
Bengal_118,Bengal
Bengal_130,Bengal
Siamese_202,Siamese
Sphynx_107,Sphynx
Siamese_216,Siamese
Bombay_169,Bombay
Bengal_124,Bengal
Birman_51,Birman
Russian_Blue_36,RussianBlue
Russian_Blue_129,RussianBlue
British_Shorthair_144,BritishShorthair
Persian_79,Persian
Birman_45,Birman
Abyssinian_92,Abyssinian
Persian_51,Persian
Russian_Blue_101,RussianBlue
Ragdoll_29,Ragdoll
Persian_173,Persian
British_Shorthair_178,BritishShorthair
Russian_Blue_115,RussianBlue
Birman_79,Birman
Abyssinian_86,Abyssinian
Persian_45,Persian
Bombay_71,Bombay
Birman_92,Birman
British_Shorthair_193,BritishShorthair
British_Shorthair_187,BritishShorthair
Maine_Coon_1,MaineCoon
Sphynx_29,Sphynx
Ragdoll_224,Ragdoll
Bombay_65,Bombay
Birman_86,Birman
Abyssinian_79,Abyssinian
Abyssinian_51,Abyssinian
Maine_Coon_127,MaineCoon
Ragdoll_8,Ragdoll
Sphynx_15,Sphynx
Persian_86,Persian
Abyssinian_45,Abyssinian
Maine_Coon_133,MaineCoon
Bombay_59,Bombay
Sphynx_14,Sphynx
Ragdoll_9,Ragdoll
Ragdoll_219,Ragdoll
Bombay_58,Bombay
Maine_Coon_132,MaineCoon
Abyssinian_44,Abyssinian
Persian_87,Persian
Maine_Coon_126,MaineCoon
Abyssinian_50,Abyssinian
Sphynx_28,Sphynx
British_Shorthair_186,BritishShorthair
Abyssinian_78,Abyssinian
Birman_87,Birman
Bombay_64,Bombay
Birman_93,Birman
Bombay_70,Bombay
Russian_Blue_114,RussianBlue
British_Shorthair_179,BritishShorthair
Persian_172,Persian
Persian_44,Persian
Abyssinian_87,Abyssinian
Birman_78,Birman
Abyssinian_93,Abyssinian
Persian_166,Persian
Russian_Blue_100,RussianBlue
British_Shorthair_145,BritishShorthair
Russian_Blue_128,RussianBlue
Birman_44,Birman
Persian_78,Persian
Birman_50,Birman
British_Shorthair_151,BritishShorthair
Bengal_125,Bengal
Bombay_168,Bombay
Bengal_131,Bengal
Siamese_203,Siamese
Sphynx_112,Sphynx
Bengal_119,Bengal
Bombay_154,Bombay
Bombay_140,Bombay
Abyssinian_176,Abyssinian
Egyptian_Mau_220,EgyptianMau
Bombay_183,Bombay
Persian_7,Persian
Maine_Coon_244,MaineCoon
Bengal_94,Bengal
Ragdoll_153,Ragdoll
Sphynx_5,Sphynx
Bengal_80,Bengal
Ragdoll_147,Ragdoll
Russian_Blue_262,RussianBlue
Maine_Coon_21,MaineCoon
Ragdoll_190,Ragdoll
Bengal_57,Bengal
Ragdoll_184,Ragdoll
Bengal_43,Bengal
Maine_Coon_35,MaineCoon
Egyptian_Mau_195,EgyptianMau
Egyptian_Mau_12,EgyptianMau
Siamese_161,Siamese
Birman_181,Birman
Siamese_175,Siamese
Egyptian_Mau_181,EgyptianMau
British_Shorthair_21,BritishShorthair
Siamese_149,Siamese
Siamese_89,Siamese
Birman_156,Birman
Birman_142,Birman
Siamese_76,Siamese
Egyptian_Mau_142,EgyptianMau
Abyssinian_228,Abyssinian
